{
  "main": {
    "id": "37a4ece0ae44376a",
    "type": "split",
    "children": [
      {
        "id": "2f582752d0cb732c",
        "type": "tabs",
        "children": [
          {
            "id": "e07b8ffcf91bdf95",
            "type": "leaf",
            "state": {
              "type": "markdown",
              "state": {
                "file": "zettelkasten/Zet/Workguide/notes/How to copy all changed files in a commit.md",
                "mode": "source",
                "source": true
              }
            }
          }
        ]
      }
    ],
    "direction": "vertical"
  },
  "left": {
    "id": "98f5f9f1989ae5ac",
    "type": "split",
    "children": [
      {
        "id": "cea45d2283bccf26",
        "type": "tabs",
        "children": [
          {
            "id": "c4aedf76c3582439",
            "type": "leaf",
            "state": {
              "type": "file-explorer",
              "state": {
                "sortOrder": "alphabeticalReverse"
              }
            }
          },
          {
            "id": "ab933bdf22f5ef9f",
            "type": "leaf",
            "state": {
              "type": "search",
              "state": {
                "query": "-Olympus",
                "matchingCase": false,
                "explainSearch": false,
                "collapseAll": true,
                "extraContext": true,
                "sortOrder": "alphabetical"
              }
            }
          },
          {
            "id": "90a9f3a543bf8b8f",
            "type": "leaf",
            "state": {
              "type": "starred",
              "state": {}
            }
          }
        ]
      }
    ],
    "direction": "horizontal",
    "width": 316.5
  },
  "right": {
    "id": "e7d7ccc57c51fc0f",
    "type": "split",
    "children": [
      {
        "id": "29891044ed4964fe",
        "type": "tabs",
        "children": [
          {
            "id": "ea3cf3e5c4709df4",
            "type": "leaf",
            "state": {
              "type": "outline",
              "state": {
                "file": "zettelkasten/Zet/Workguide/notes/How to copy all changed files in a commit.md"
              }
            }
          },
          {
            "id": "34ecc6b5c77cf04a",
            "type": "leaf",
            "state": {
              "type": "localgraph",
              "state": {
                "file": "zettelkasten/Zet/Workguide/notes/How to copy all changed files in a commit.md",
                "options": {
                  "collapse-filter": false,
                  "search": "",
                  "localJumps": 1,
                  "localBacklinks": true,
                  "localForelinks": true,
                  "localInterlinks": false,
                  "showTags": false,
                  "showAttachments": false,
                  "hideUnresolved": false,
                  "collapse-color-groups": true,
                  "colorGroups": [],
                  "collapse-display": true,
                  "showArrow": false,
                  "textFadeMultiplier": 0,
                  "nodeSizeMultiplier": 1,
                  "lineSizeMultiplier": 1,
                  "collapse-forces": true,
                  "centerStrength": 0.518713248970312,
                  "repelStrength": 10,
                  "linkStrength": 1,
                  "linkDistance": 250,
                  "scale": 0.9999999999999996,
                  "close": true
                }
              }
            }
          },
          {
            "id": "e0cdf4dfab0df96e",
            "type": "leaf",
            "state": {
              "type": "calendar",
              "state": {}
            }
          },
          {
            "id": "5360415a7d81b304",
            "type": "leaf",
            "state": {
              "type": "backlink",
              "state": {
                "file": "zettelkasten/Zet/Workguide/notes/How to copy all changed files in a commit.md",
                "collapseAll": false,
                "extraContext": false,
                "sortOrder": "alphabetical",
                "showSearch": false,
                "searchQuery": "",
                "backlinkCollapsed": false,
                "unlinkedCollapsed": true
              }
            }
          },
          {
            "id": "e89a1e10b926675e",
            "type": "leaf",
            "state": {
              "type": "tag",
              "state": {
                "sortOrder": "frequency",
                "useHierarchy": true
              }
            }
          },
          {
            "id": "39ec08fa8b79a4ef",
            "type": "leaf",
            "state": {
              "type": "outgoing-link",
              "state": {
                "file": "zettelkasten/Zet/Workguide/notes/How to copy all changed files in a commit.md",
                "linksCollapsed": false,
                "unlinkedCollapsed": true
              }
            }
          },
          {
            "id": "2f6121c7714ef05f",
            "type": "leaf",
            "state": {
              "type": "git-view",
              "state": {}
            }
          }
        ],
        "currentTab": 3
      }
    ],
    "direction": "horizontal",
    "width": 426.5
  },
  "active": "e07b8ffcf91bdf95",
  "lastOpenFiles": [
    "Untitled.md",
    "notes/images/@2022-11-16_histogram_fsm.excalidraw.md",
    "notes/daily/@2022-11-16.md",
    "notes/daily/@2022-11-17.md",
    "notes/MSVC và GCC support pragma but only gcc support attribute.md",
    "inbox/Level Transition Parameter.md",
    "projects/lynx/RETCSW-155 Support LTP for CMIS.md",
    "notes/tasks/$ 221110 - Check ltp firmware condition 🔎.md",
    "notes/concept/DSP Histogram.md",
    "notes/concept/Theta Sweep.md"
  ]
}